{
    "fitted_parameters": {
        "krv": {
            "median": 0.0030830672811339404,
            "err_minus": 0.00146944600429872,
            "err_plus": 0.0015112557392743605
        },
        "gamma": {
            "median": 0.0012297343948830942,
            "err_minus": 0.0010622033669231985,
            "err_plus": 0.0010706154390770404
        },
        "lam": {
            "median": 4329.990954119406,
            "err_minus": 987.4701103476646,
            "err_plus": 496.8633144746718
        },
        "P_{rot}": {
            "median": 6.204142607408669,
            "err_minus": 0.002831053969697628,
            "err_plus": 0.002715183910334318
        },
        "w": {
            "median": 38.09074014199172,
            "err_minus": 12.171825030795723,
            "err_plus": 10.832566709763448
        },
        "RV_{scale}": {
            "median": 0.9153121268160154,
            "err_minus": 0.7304778328792703,
            "err_plus": 1.3346820051010424
        },
        "fwhm_{scale}": {
            "median": 6.5798105355021566,
            "err_minus": 3.038633824888147,
            "err_plus": 2.2640607754964606
        },
        "bis_{scale}": {
            "median": 0.1525279853285495,
            "err_minus": 0.1254844867965946,
            "err_plus": 0.275848774243043
        },
        "asym_{scale}": {
            "median": 0.11703250413242891,
            "err_minus": 0.09297323395408216,
            "err_plus": 0.15829777913658252
        },
        "RV_{dGdt\\,scale}": {
            "median": 6.721635154500808,
            "err_minus": 3.0704351241863774,
            "err_plus": 2.1549118067502206
        },
        "FWHM_{dGdt \\,scale}": {
            "median": 0.5463748224268721,
            "err_minus": 0.44060004112313833,
            "err_plus": 0.8726295792913568
        },
        "asym_{dGdt \\,scale}": {
            "median": 0.5596644010633428,
            "err_minus": 0.2696637760940037,
            "err_plus": 0.24972902072146008
        },
        "rv_{jitter}": {
            "median": 0.0077740094557647845,
            "err_minus": 0.0007589302537056421,
            "err_plus": 0.0008538981913593551
        },
        "fwhm_{jitter}": {
            "median": 0.010269075415374373,
            "err_minus": 0.0009922522196155244,
            "err_plus": 0.0011556773950315603
        },
        "bis_{jitter}": {
            "median": 0.0037554836875949914,
            "err_minus": 0.0006719294332321302,
            "err_plus": 0.0006234634506141032
        },
        "asym_{jitter}": {
            "median": 0.0005361981065070721,
            "err_minus": 0.00027481087965031874,
            "err_plus": 0.00024003508111464678
        }
    },
    "model_statistics": {
        "BIC": -1859.805329730414
    }
}