{
    "fitted_parameters": {
        "krv": {
            "median": 0.0025109929785396986,
            "err_minus": 0.0009097090245648511,
            "err_plus": 0.0010014797510432445
        },
        "gamma": {
            "median": 0.0011253504274312646,
            "err_minus": 0.0007356000285891151,
            "err_plus": 0.0007135989216981206
        },
        "lam": {
            "median": 4366.015711983113,
            "err_minus": 895.6153641167757,
            "err_plus": 470.34631932073444
        },
        "P_{rot}": {
            "median": 6.205161257629246,
            "err_minus": 0.002105255221542812,
            "err_plus": 0.0023575135791915613
        },
        "w": {
            "median": 39.80464684934919,
            "err_minus": 11.716383544235974,
            "err_plus": 10.882962878835116
        },
        "RV_{scale}": {
            "median": 0.9138423681854124,
            "err_minus": 0.7097289776128997,
            "err_plus": 1.3407439164214467
        },
        "fwhm_{scale}": {
            "median": 6.530441385832442,
            "err_minus": 2.8361759787401497,
            "err_plus": 2.2202000804862925
        },
        "bis_{scale}": {
            "median": 0.17580605133614613,
            "err_minus": 0.14064637843774963,
            "err_plus": 0.31796013343194035
        },
        "asym_{scale}": {
            "median": 0.16686337130663031,
            "err_minus": 0.12422747678766538,
            "err_plus": 0.19862864454394397
        },
        "RV_{dGdt\\,scale}": {
            "median": 6.720567387795188,
            "err_minus": 2.8700766142145167,
            "err_plus": 2.1226970769901827
        },
        "FWHM_{dGdt \\,scale}": {
            "median": 0.8540363179909976,
            "err_minus": 0.6593814131475754,
            "err_plus": 1.2074797401400035
        },
        "asym_{dGdt \\,scale}": {
            "median": 0.6474935626773188,
            "err_minus": 0.2932473466580705,
            "err_plus": 0.2857519654546895
        },
        "rv_{jitter}": {
            "median": 0.005179641058269564,
            "err_minus": 0.0005327102594144539,
            "err_plus": 0.0005905365860338898
        },
        "fwhm_{jitter}": {
            "median": 0.010071309702504234,
            "err_minus": 0.0010834271830565487,
            "err_plus": 0.0012048182754920613
        },
        "bis_{jitter}": {
            "median": 0.0037070056360322965,
            "err_minus": 0.0006134987949984964,
            "err_plus": 0.0006732127781112597
        },
        "asym_{jitter}": {
            "median": 0.0005345909457962312,
            "err_minus": 0.00027450918128026,
            "err_plus": 0.00025392749166228785
        }
    },
    "model_statistics": {
        "BIC": -1936.2268332235133
    }
}