{
    "fitted_parameters": {
        "krv": {
            "median": 0.0023129484410388,
            "err_minus": 0.0011191874960531077,
            "err_plus": 0.001141822559345787
        },
        "gamma": {
            "median": 0.001241469134623311,
            "err_minus": 0.0008137290522818823,
            "err_plus": 0.0008220635476983693
        },
        "lam": {
            "median": 4218.321919139371,
            "err_minus": 1420.2320693591437,
            "err_plus": 577.6498980773167
        },
        "P_{rot}": {
            "median": 6.207055581971969,
            "err_minus": 0.0026174705722290526,
            "err_plus": 0.002086109999233976
        },
        "w": {
            "median": 24.756895323611925,
            "err_minus": 9.419928450185893,
            "err_plus": 7.052013290807263
        },
        "RV_{scale}": {
            "median": 0.2731214570553815,
            "err_minus": 0.24233569406622282,
            "err_plus": 0.44736997643910903
        },
        "fwhm_{scale}": {
            "median": 7.386646327653716,
            "err_minus": 3.936417917089416,
            "err_plus": 1.9054016165286338
        },
        "bis_{scale}": {
            "median": 0.07591952352496678,
            "err_minus": 0.06892526310832604,
            "err_plus": 0.15724956859479253
        },
        "asym_{scale}": {
            "median": 0.04567098892509391,
            "err_minus": 0.04095352861530706,
            "err_plus": 0.07399843245218377
        },
        "RV_{dGdt\\,scale}": {
            "median": 3.23052092431989,
            "err_minus": 1.741425446644158,
            "err_plus": 1.127173808919863
        },
        "FWHM_{dGdt \\,scale}": {
            "median": 0.2851530743451119,
            "err_minus": 0.25646499089273495,
            "err_plus": 0.5415506363941727
        },
        "asym_{dGdt \\,scale}": {
            "median": 0.2506471851635276,
            "err_minus": 0.14897585944640418,
            "err_plus": 0.1188807043294875
        },
        "rv_{jitter}": {
            "median": 0.0056465348053508025,
            "err_minus": 0.0006685884406593757,
            "err_plus": 0.0007051592805638208
        },
        "fwhm_{jitter}": {
            "median": 0.01605913071059426,
            "err_minus": 0.0016708929127558971,
            "err_plus": 0.0019358857081188986
        },
        "bis_{jitter}": {
            "median": 0.003800670177720818,
            "err_minus": 0.0006854776899308745,
            "err_plus": 0.0007508280051240065
        },
        "asym_{jitter}": {
            "median": 0.0006124158147162859,
            "err_minus": 0.00028139422154560843,
            "err_plus": 0.0002441642500331157
        }
    },
    "model_statistics": {
        "BIC": -1601.3491652219952
    }
}