{
    "fitted_parameters": {
        "krv": {
            "median": 0.0027243137848250824,
            "err_minus": 0.0009610109068732516,
            "err_plus": 0.0009631721465362354
        },
        "gamma": {
            "median": 0.0014590040338590931,
            "err_minus": 0.0007041948508022777,
            "err_plus": 0.0007119231763781291
        },
        "lam": {
            "median": 4410.06344897904,
            "err_minus": 802.3075571124391,
            "err_plus": 439.4805401834874
        },
        "P_{rot}": {
            "median": 6.2046717840469805,
            "err_minus": 0.001881741647618007,
            "err_plus": 0.0018441832189992624
        },
        "w": {
            "median": 38.19888752128606,
            "err_minus": 9.901246229241401,
            "err_plus": 9.670782194047355
        },
        "RV_{scale}": {
            "median": 0.7025650934026151,
            "err_minus": 0.5177028145840337,
            "err_plus": 1.084122236545964
        },
        "fwhm_{scale}": {
            "median": 6.700413058584222,
            "err_minus": 2.609182732634106,
            "err_plus": 2.0303145206788242
        },
        "bis_{scale}": {
            "median": 0.15248524926124807,
            "err_minus": 0.11432759230250394,
            "err_plus": 0.2488673611499979
        },
        "asym_{scale}": {
            "median": 0.13444013184542924,
            "err_minus": 0.09415736002397036,
            "err_plus": 0.16083936071116411
        },
        "RV_{dGdt\\,scale}": {
            "median": 7.175824435899924,
            "err_minus": 2.6975866700675057,
            "err_plus": 1.8598291345796971
        },
        "FWHM_{dGdt \\,scale}": {
            "median": 0.5017587995215567,
            "err_minus": 0.37476066559816607,
            "err_plus": 0.7720720897898417
        },
        "asym_{dGdt \\,scale}": {
            "median": 0.5614912293509506,
            "err_minus": 0.22674159089673562,
            "err_plus": 0.2294563907862167
        },
        "rv_{jitter}": {
            "median": 0.005151828206357708,
            "err_minus": 0.0004964876315797463,
            "err_plus": 0.0005797065833292436
        },
        "fwhm_{jitter}": {
            "median": 0.010268952687408737,
            "err_minus": 0.0010198044610581231,
            "err_plus": 0.0011574298919584409
        },
        "bis_{jitter}": {
            "median": 0.0037140454151354074,
            "err_minus": 0.0006241486884849372,
            "err_plus": 0.0006945559333102857
        },
        "asym_{jitter}": {
            "median": 0.0005498133748359216,
            "err_minus": 0.00027057976654899383,
            "err_plus": 0.00023389171087070113
        }
    },
    "derived_parameters": {},
    "model_statistics": {
        "BIC": -1911.3064546027276
    }
}