{
    "fitted_parameters": {
        "t_0": {
            "median": 2164.354834553552,
            "err_minus": 0.001382250257393025,
            "err_plus": 0.0013164068709556886
        },
        "P": {
            "median": 40.38337838627021,
            "err_minus": 3.3435026679740076e-05,
            "err_plus": 3.639540610578251e-05
        },
        "R_p/R_s": {
            "median": 0.07986181573790996,
            "err_minus": 0.002241228697854869,
            "err_plus": 0.0022614620655021372
        },
        "b": {
            "median": 0.41609538639681,
            "err_minus": 0.17689396701931248,
            "err_plus": 0.11554448384522886
        },
        "mstar": {
            "median": 0.22488963058812073,
            "err_minus": 0.00713196178324596,
            "err_plus": 0.007262854871776192
        },
        "rstar": {
            "median": 0.2471545876346646,
            "err_minus": 0.014463441484263734,
            "err_plus": 0.015442232103743764
        },
        "q1_{tess}": {
            "median": 0.4524968104987548,
            "err_minus": 0.21557424458273827,
            "err_plus": 0.2884350956740762
        },
        "q2_{tess}": {
            "median": 0.3585198599288587,
            "err_minus": 0.23990744929379476,
            "err_plus": 0.3414728936990009
        },
        "q1_{lco}": {
            "median": 0.24057333183405444,
            "err_minus": 0.1298545733658408,
            "err_plus": 0.19842309585067347
        },
        "q2_{lco}": {
            "median": 0.44064464160788086,
            "err_minus": 0.2909021117823538,
            "err_plus": 0.3571609997363612
        },
        "q1_{lcog}": {
            "median": 0.6645472714860182,
            "err_minus": 0.30488792401800924,
            "err_plus": 0.22934395647839534
        },
        "q2_{lcog}": {
            "median": 0.055726235138597056,
            "err_minus": 0.04144075232520382,
            "err_plus": 0.10096292591355685
        },
        "q1_{minerva}": {
            "median": 0.2877858539997866,
            "err_minus": 0.20678751009327878,
            "err_plus": 0.3586295549864882
        },
        "q2_{minerva}": {
            "median": 0.3084519410012046,
            "err_minus": 0.22752657895973977,
            "err_plus": 0.38529925980287577
        },
        "q1_{ngts}": {
            "median": 0.5029677649557538,
            "err_minus": 0.34201420472436794,
            "err_plus": 0.34644258309649634
        },
        "q2_{ngts}": {
            "median": 0.5121181025910506,
            "err_minus": 0.3549904377310855,
            "err_plus": 0.3344368397668075
        },
        "q1_{trap}": {
            "median": 0.3621025761955432,
            "err_minus": 0.20470110172130127,
            "err_plus": 0.29692634509353855
        },
        "q2_{trap}": {
            "median": 0.45902688174862094,
            "err_minus": 0.310144335034808,
            "err_plus": 0.3364031754585234
        },
        "krv": {
            "median": 0.0026154222664591257,
            "err_minus": 0.0011294211032441604,
            "err_plus": 0.0011231727820212138
        },
        "gamma": {
            "median": 0.0014532405328343007,
            "err_minus": 0.0007847498662393729,
            "err_plus": 0.0007936475255324853
        },
        "lam": {
            "median": 515.8661136514542,
            "err_minus": 314.7663163783931,
            "err_plus": 64.50567694549306
        },
        "P_{rot}": {
            "median": 6.20347437882027,
            "err_minus": 0.00689154998344943,
            "err_plus": 0.004091413635222807
        },
        "w": {
            "median": 9.246361864960654,
            "err_minus": 6.29972090734662,
            "err_plus": 15.734775920878793
        },
        "RV_{scale}": {
            "median": 0.03501279855015879,
            "err_minus": 0.03005082266780108,
            "err_plus": 0.27257778608878225
        },
        "fwhm_{scale}": {
            "median": 0.35798846652451904,
            "err_minus": 0.3143365906985667,
            "err_plus": 2.3796071187023595
        },
        "bis_{scale}": {
            "median": 0.007699183379376703,
            "err_minus": 0.00682560953057483,
            "err_plus": 0.053036259116729996
        },
        "asym_{scale}": {
            "median": 0.007347953672160852,
            "err_minus": 0.006423177618793158,
            "err_plus": 0.053666244589125514
        },
        "RV_{dGdt\\,scale}": {
            "median": 0.37961576034536826,
            "err_minus": 0.33350013447776866,
            "err_plus": 2.552987461392186
        },
        "FWHM_{dGdt \\,scale}": {
            "median": 0.023997278016437463,
            "err_minus": 0.02085770805201282,
            "err_plus": 0.17598193563131773
        },
        "asym_{dGdt \\,scale}": {
            "median": 0.03197468230214872,
            "err_minus": 0.028394027676868352,
            "err_plus": 0.20411829565157374
        },
        "rv_{jitter}": {
            "median": 0.005384687420355358,
            "err_minus": 0.0005762083003419431,
            "err_plus": 0.0006894478168624433
        },
        "fwhm_{jitter}": {
            "median": 0.010300455694487292,
            "err_minus": 0.0010602494545527436,
            "err_plus": 0.0012931096052995437
        },
        "bis_{jitter}": {
            "median": 0.0037212222480699966,
            "err_minus": 0.0006491547347814144,
            "err_plus": 0.0007198490766840461
        },
        "asym_{jitter}": {
            "median": 0.0005347559739794938,
            "err_minus": 0.00028115234898734077,
            "err_plus": 0.00025077733975946155
        }
    }
}